{"loss": 0.20816317200660706, "accuracy": 0.9266529083251953}