{"mean": [46.34702226829064, 23377.7667086414, 5.326862032526061, 0.20827763769844207, 272.33795179330673], "scale": [102.83915009029762, 80260.80726207282, 6.114054787355305, 2.4043625142886227, 805.7566285402587]}